id,label
0.png,0
1.png,2
2.png,1
3.png,0
5.png,1
6.png,2
7.png,1
8.png,1
10.png,1
11.png,1
15.png,0
16.png,1
17.png,1
18.png,1
19.png,0
20.png,1
22.png,1
24.png,1
25.png,0
26.png,1
28.png,1
30.png,1
31.png,0
32.png,0
34.png,1
37.png,0
38.png,0
39.png,1
40.png,0
41.png,1
43.png,1
44.png,1
45.png,2
50.png,2
51.png,1
54.png,1
55.png,0
56.png,0
57.png,1
58.png,2
59.png,1
61.png,1
62.png,1
64.png,2
65.png,0
67.png,0
68.png,1
69.png,2
70.png,1
71.png,1
72.png,0
73.png,0
77.png,1
79.png,0
80.png,1
81.png,1
83.png,1
84.png,0
85.png,1
86.png,1
87.png,1
89.png,1
90.png,1
91.png,1
92.png,1
93.png,1
94.png,0
95.png,0
96.png,1
97.png,2
99.png,2
100.png,1
101.png,0
102.png,2
103.png,2
104.png,2
106.png,2
107.png,2
108.png,0
109.png,2
110.png,1
111.png,2
114.png,1
115.png,0
116.png,1
118.png,1
119.png,2
121.png,1
124.png,1
125.png,0
126.png,0
127.png,1
129.png,0
130.png,0
131.png,2
133.png,1
134.png,1
135.png,2
136.png,0
138.png,2
139.png,0
140.png,0
141.png,2
142.png,1
143.png,0
144.png,1
146.png,0
147.png,2
148.png,1
149.png,2
150.png,1
151.png,0
152.png,1
153.png,1
154.png,0
155.png,0
157.png,0
158.png,2
159.png,2
161.png,2
162.png,2
163.png,0
164.png,2
165.png,2
166.png,0
167.png,0
168.png,0
171.png,1
174.png,1
175.png,0
176.png,0
177.png,1
178.png,0
179.png,0
180.png,2
183.png,2
184.png,0
185.png,0
186.png,1
187.png,1
188.png,1
189.png,1
190.png,2
191.png,1
192.png,0
193.png,1
194.png,0
195.png,1
196.png,1
197.png,1
198.png,2
199.png,2
200.png,0
201.png,0
206.png,1
207.png,2
208.png,2
209.png,1
210.png,0
211.png,1
212.png,0
214.png,1
215.png,1
216.png,0
217.png,2
218.png,0
221.png,0
222.png,1
223.png,0
224.png,1
225.png,1
226.png,0
227.png,2
228.png,1
229.png,2
230.png,0
232.png,1
233.png,1
234.png,1
235.png,0
236.png,1
237.png,2
238.png,1
239.png,1
240.png,2
241.png,0
242.png,1
244.png,1
245.png,2
246.png,1
247.png,2
248.png,2
249.png,2
250.png,2
252.png,0
253.png,1
254.png,2
255.png,0
256.png,1
257.png,0
259.png,2
261.png,1
264.png,1
266.png,0
268.png,0
270.png,2
271.png,1
272.png,1
273.png,1
275.png,2
276.png,0
277.png,2
278.png,2
279.png,2
280.png,0
282.png,2
283.png,0
285.png,0
288.png,1
289.png,2
290.png,2
292.png,2
293.png,2
294.png,1
295.png,1
296.png,2
297.png,0
298.png,2
299.png,1
300.png,2
301.png,1
302.png,2
304.png,0
305.png,2
307.png,2
308.png,0
309.png,2
310.png,1
311.png,0
312.png,1
313.png,0
315.png,1
317.png,0
318.png,0
319.png,0
322.png,1
324.png,0
325.png,0
327.png,1
328.png,0
330.png,1
332.png,0
334.png,1
335.png,1
336.png,1
337.png,2
338.png,0
339.png,1
340.png,1
341.png,2
342.png,2
343.png,2
344.png,0
345.png,1
347.png,0
348.png,0
350.png,1
351.png,1
352.png,1
353.png,0
355.png,1
358.png,0
359.png,1
360.png,2
361.png,1
362.png,2
363.png,2
364.png,2
365.png,1
366.png,2
367.png,1
369.png,0
370.png,0
371.png,2
372.png,0
373.png,2
374.png,0
375.png,1
377.png,1
378.png,0
379.png,1
383.png,0
384.png,2
385.png,2
386.png,1
387.png,2
388.png,0
389.png,2
392.png,2
393.png,0
394.png,1
396.png,1
397.png,1
398.png,1
399.png,0
401.png,2
402.png,0
403.png,0
404.png,1
406.png,1
407.png,0
408.png,0
409.png,2
410.png,0
411.png,1
412.png,1
413.png,0
415.png,2
416.png,1
417.png,2
418.png,1
419.png,2
420.png,0
421.png,2
427.png,2
428.png,1
431.png,0
432.png,1
433.png,0
434.png,2
435.png,1
436.png,1
437.png,1
438.png,2
440.png,1
441.png,2
442.png,2
443.png,1
445.png,0
446.png,0
447.png,2
448.png,1
449.png,0
450.png,1
451.png,1
454.png,0
455.png,0
456.png,2
457.png,1
458.png,1
459.png,1
460.png,0
462.png,0
463.png,0
465.png,2
467.png,0
469.png,1
470.png,2
472.png,0
473.png,0
474.png,0
475.png,1
476.png,0
477.png,2
478.png,2
480.png,0
481.png,1
482.png,0
483.png,1
484.png,1
486.png,0
487.png,0
488.png,1
489.png,2
490.png,2
492.png,2
494.png,0
495.png,2
497.png,2
499.png,2
500.png,0
501.png,1
502.png,1
503.png,2
505.png,1
506.png,1
507.png,2
508.png,0
510.png,2
511.png,1
512.png,0
513.png,2
514.png,2
515.png,1
516.png,1
517.png,1
520.png,0
521.png,0
522.png,2
523.png,1
524.png,1
525.png,1
526.png,1
527.png,0
528.png,0
530.png,1
531.png,1
532.png,1
533.png,2
534.png,2
535.png,2
536.png,2
537.png,2
538.png,0
539.png,2
540.png,0
542.png,0
544.png,0
552.png,1
553.png,0
554.png,0
555.png,0
556.png,1
557.png,0
558.png,1
559.png,2
563.png,0
564.png,0
565.png,2
566.png,1
567.png,0
568.png,2
569.png,0
570.png,0
571.png,1
572.png,2
573.png,2
574.png,0
575.png,0
577.png,0
578.png,0
580.png,2
581.png,2
582.png,1
583.png,1
584.png,1
588.png,2
591.png,2
592.png,2
593.png,1
594.png,0
595.png,0
596.png,2
598.png,0
600.png,2
602.png,1
603.png,2
604.png,1
606.png,0
607.png,2
608.png,1
609.png,2
610.png,0
611.png,2
612.png,0
614.png,0
615.png,0
616.png,0
617.png,2
619.png,1
621.png,0
622.png,1
623.png,2
624.png,0
626.png,0
627.png,0
628.png,0
630.png,2
632.png,1
633.png,2
635.png,0
636.png,0
637.png,0
638.png,2
639.png,2
640.png,0
641.png,0
642.png,1
645.png,2
646.png,1
649.png,2
650.png,1
652.png,2
655.png,0
656.png,2
657.png,1
658.png,0
659.png,1
660.png,2
661.png,1
663.png,1
665.png,1
666.png,1
667.png,1
668.png,2
669.png,1
670.png,1
671.png,2
673.png,1
674.png,1
676.png,0
678.png,0
679.png,1
680.png,1
681.png,0
682.png,0
683.png,2
684.png,0
686.png,1
687.png,0
688.png,0
689.png,1
692.png,1
693.png,1
694.png,0
695.png,1
696.png,1
697.png,2
698.png,2
700.png,0
701.png,2
702.png,2
703.png,2
704.png,1
705.png,0
706.png,2
711.png,2
712.png,1
716.png,2
717.png,0
719.png,2
720.png,0
721.png,2
722.png,1
723.png,1
724.png,0
725.png,2
726.png,1
729.png,0
731.png,0
732.png,1
733.png,0
734.png,0
736.png,0
738.png,0
739.png,1
740.png,0
741.png,1
742.png,0
745.png,1
747.png,0
749.png,0
750.png,2
752.png,1
755.png,1
756.png,1
757.png,0
758.png,1
759.png,0
760.png,0
761.png,1
762.png,1
763.png,0
765.png,0
766.png,2
768.png,1
769.png,1
770.png,0
771.png,2
775.png,1
777.png,2
779.png,2
780.png,1
782.png,1
784.png,0
785.png,1
786.png,0
787.png,2
789.png,1
790.png,0
791.png,0
792.png,1
793.png,0
794.png,0
795.png,2
796.png,1
797.png,2
798.png,2
799.png,2
801.png,0
802.png,2
803.png,0
804.png,2
805.png,2
806.png,0
807.png,1
808.png,0
809.png,1
811.png,1
812.png,0
814.png,2
816.png,1
817.png,0
818.png,1
821.png,0
823.png,2
824.png,0
825.png,0
826.png,1
827.png,1
829.png,0
830.png,0
832.png,0
833.png,0
834.png,0
836.png,1
837.png,1
838.png,2
839.png,2
840.png,2
841.png,1
843.png,0
845.png,0
846.png,2
849.png,1
850.png,2
851.png,2
852.png,1
853.png,1
854.png,1
855.png,2
856.png,1
858.png,0
859.png,2
860.png,0
861.png,0
862.png,0
863.png,1
864.png,0
868.png,2
869.png,1
870.png,1
871.png,0
872.png,2
874.png,2
876.png,2
877.png,1
878.png,2
880.png,1
881.png,1
882.png,2
884.png,2
885.png,2
887.png,1
888.png,2
890.png,2
891.png,1
892.png,0
893.png,0
894.png,0
895.png,2
896.png,1
899.png,1
900.png,0
901.png,0
902.png,1
904.png,2
905.png,2
906.png,1
907.png,0
908.png,0
909.png,2
910.png,2
911.png,1
912.png,0
913.png,2
916.png,1
918.png,0
920.png,1
922.png,1
923.png,0
924.png,0
925.png,2
926.png,2
927.png,1
928.png,0
929.png,0
930.png,1
931.png,1
932.png,0
933.png,2
934.png,0
935.png,1
936.png,0
937.png,1
939.png,0
940.png,1
941.png,0
943.png,0
944.png,0
946.png,0
947.png,0
951.png,2
952.png,1
953.png,1
954.png,2
955.png,2
958.png,2
959.png,2
960.png,1
962.png,2
963.png,2
964.png,0
967.png,0
969.png,0
970.png,0
971.png,0
974.png,2
975.png,0
976.png,2
977.png,2
978.png,1
980.png,2
981.png,1
983.png,0
984.png,0
985.png,2
987.png,0
990.png,1
991.png,1
992.png,1
993.png,0
994.png,1
995.png,2
998.png,1
999.png,2
1001.png,1
1002.png,1
1003.png,2
1004.png,2
1006.png,1
1007.png,2
1008.png,0
1009.png,0
1012.png,0
1014.png,2
1019.png,2
1020.png,2
1021.png,2
1022.png,2
1023.png,0
1024.png,1
1025.png,1
1026.png,1
1028.png,0
1030.png,1
1032.png,2
1033.png,1
1036.png,1
1038.png,1
1039.png,2
1040.png,2
1041.png,0
1042.png,1
1043.png,0
1044.png,2
1045.png,1
1046.png,0
1049.png,0
1050.png,2
1052.png,2
1053.png,0
1055.png,2
1057.png,0
1061.png,1
1062.png,1
1065.png,0
1066.png,0
1067.png,1
1071.png,0
1072.png,0
1074.png,0
1077.png,2
1079.png,1
1081.png,2
1083.png,1
1084.png,2
1085.png,2
1086.png,0
1087.png,2
1088.png,0
1093.png,0
1094.png,0
1096.png,2
1097.png,2
1098.png,1
1101.png,0
1102.png,0
1103.png,0
1105.png,1
1106.png,0
1107.png,2
1109.png,1
1110.png,0
1111.png,2
1113.png,2
1114.png,1
1115.png,0
1116.png,2
1117.png,1
1119.png,1
1121.png,2
1122.png,2
1123.png,0
1126.png,1
1127.png,1
1129.png,2
1130.png,2
1131.png,2
1132.png,2
1134.png,1
1135.png,0
1138.png,1
1139.png,2
1140.png,2
1141.png,1
1144.png,0
1145.png,2
1147.png,1
1148.png,2
1151.png,0
1152.png,0
1153.png,1
1155.png,0
1156.png,2
1157.png,0
1158.png,1
1159.png,1
1160.png,1
1161.png,1
1162.png,0
1163.png,0
1165.png,0
1166.png,2
1167.png,2
1168.png,1
1169.png,0
1170.png,0
1171.png,1
1172.png,1
1173.png,2
1174.png,2
1176.png,0
1177.png,2
1178.png,2
1180.png,1
1181.png,1
1182.png,2
1183.png,0
1184.png,1
1185.png,2
1186.png,1
1190.png,1
1191.png,0
1192.png,2
1193.png,2
1196.png,0
1197.png,0
1199.png,0
1200.png,0
1201.png,1
1202.png,2
1203.png,0
1204.png,2
1206.png,1
1208.png,2
1209.png,0
1211.png,0
1214.png,0
1217.png,0
1219.png,1
1220.png,1
1222.png,0
1223.png,1
1224.png,2
1225.png,2
1226.png,2
1227.png,0
1228.png,1
1229.png,2
1230.png,1
1233.png,2
1234.png,1
1235.png,2
1236.png,2
1237.png,0
1238.png,1
1239.png,2
1242.png,0
1244.png,1
1245.png,0
1246.png,0
1248.png,1
1249.png,2
1250.png,0
1251.png,1
1253.png,2
1255.png,2
1256.png,1
1257.png,1
1259.png,1
1261.png,2
1263.png,2
1264.png,2
1266.png,1
1267.png,1
1270.png,0
1271.png,2
1278.png,1
1279.png,2
1280.png,1
1281.png,1
1282.png,1
1283.png,2
1284.png,0
1286.png,0
1289.png,1
1290.png,1
1291.png,1
1293.png,0
1294.png,1
1295.png,0
1297.png,2
1300.png,2
1301.png,0
1302.png,1
1303.png,0
1304.png,1
1305.png,1
1306.png,1
1307.png,2
1308.png,2
1311.png,2
1312.png,1
1313.png,0
1316.png,0
1318.png,1
1319.png,0
1320.png,0
1321.png,1
1323.png,0
1324.png,0
1326.png,0
1329.png,2
1330.png,0
1331.png,2
1333.png,0
1336.png,1
1337.png,0
1339.png,2
1340.png,2
1341.png,0
1342.png,2
1343.png,0
1344.png,2
1345.png,1
1347.png,2
1351.png,0
1352.png,1
1353.png,1
1354.png,1
1357.png,2
1361.png,0
1362.png,2
1363.png,0
1366.png,2
1368.png,2
1371.png,1
1372.png,0
1374.png,0
1375.png,1
1376.png,1
1377.png,2
1378.png,0
1380.png,0
1381.png,1
1382.png,2
1383.png,2
1386.png,0
1390.png,1
1391.png,1
1392.png,0
1393.png,2
1395.png,1
1396.png,2
1397.png,0
1398.png,1
1399.png,1
1401.png,0
1402.png,2
1403.png,2
1405.png,1
1406.png,2
1407.png,0
1409.png,0
1410.png,1
1411.png,0
1414.png,1
1415.png,0
1416.png,1
1417.png,1
1418.png,0
1419.png,2
1421.png,1
1422.png,0
1424.png,0
1425.png,2
1426.png,2
1427.png,0
1429.png,2
1430.png,0
1431.png,2
1432.png,0
1434.png,0
1435.png,2
1436.png,1
1437.png,1
1439.png,2
1441.png,1
1443.png,1
1444.png,0
1446.png,1
1447.png,1
1448.png,1
1449.png,0
1450.png,1
1451.png,0
1452.png,0
1455.png,1
1456.png,1
1458.png,1
1460.png,2
1461.png,1
1462.png,0
1463.png,0
1464.png,0
1465.png,2
1466.png,2
1467.png,0
1468.png,0
1469.png,0
1470.png,1
1471.png,2
1472.png,0
1474.png,0
1475.png,0
1476.png,1
1477.png,1
1479.png,2
1480.png,0
1481.png,0
1484.png,0
1485.png,1
1486.png,2
1488.png,0
1489.png,1
1490.png,1
1491.png,1
1493.png,1
1494.png,0
1495.png,0
1496.png,1
1497.png,1
1498.png,0
1499.png,2
1500.png,0
1501.png,1
1504.png,1
1506.png,0
1508.png,2
1509.png,2
1511.png,2
1514.png,1
1515.png,2
1517.png,1
1519.png,1
1521.png,1
1523.png,0
1527.png,2
1531.png,2
1533.png,2
1534.png,1
1535.png,2
1536.png,2
1538.png,0
1539.png,1
1540.png,1
1542.png,1
1543.png,0
1544.png,0
1545.png,2
1546.png,2
1547.png,0
1548.png,2
1550.png,1
1551.png,2
1552.png,1
1555.png,0
1557.png,0
1558.png,1
1559.png,2
1560.png,0
1561.png,1
1562.png,0
1563.png,1
1572.png,2
1573.png,2
1575.png,1
1576.png,2
1577.png,0
1578.png,1
1579.png,0
1582.png,2
1583.png,1
1584.png,1
1585.png,2
1587.png,1
1588.png,1
1589.png,1
1591.png,2
1592.png,0
1593.png,2
1594.png,0
1595.png,0
1598.png,2
1599.png,0
1602.png,0
1603.png,1
1604.png,0
1605.png,0
1606.png,2
1607.png,0
1608.png,2
1609.png,0
1610.png,0
1612.png,1
1613.png,0
1617.png,1
1618.png,0
1620.png,1
1621.png,2
1623.png,1
1624.png,1
1626.png,0
1627.png,2
1628.png,1
1630.png,0
1631.png,1
1634.png,0
1635.png,0
1636.png,0
1639.png,0
1640.png,0
1643.png,0
1644.png,2
1646.png,2
1648.png,0
1649.png,2
1651.png,0
1654.png,1
1655.png,2
1658.png,0
1659.png,0
1660.png,2
1663.png,1
1664.png,0
1665.png,0
1666.png,1
1668.png,0
1669.png,2
1670.png,0
1672.png,0
1674.png,2
1675.png,0
1676.png,0
1677.png,2
1678.png,1
1681.png,0
1683.png,2
1685.png,2
1686.png,0
1687.png,0
1688.png,2
1689.png,1
1690.png,0
1691.png,2
1692.png,1
1694.png,2
1695.png,1
1697.png,1
1698.png,1
1699.png,1
1700.png,1
1702.png,0
1703.png,0
1704.png,0
1708.png,0
1709.png,2
1710.png,1
1712.png,1
1713.png,0
1716.png,2
1717.png,1
1718.png,1
1719.png,1
1720.png,1
1721.png,1
1723.png,2
1724.png,2
1725.png,2
1726.png,1
1727.png,0
1730.png,0
1731.png,1
1732.png,0
1733.png,2
1735.png,0
1736.png,1
1738.png,2
1739.png,1
1740.png,2
1741.png,0
1742.png,1
1743.png,2
1744.png,0
1746.png,0
1747.png,1
1750.png,2
1751.png,0
1753.png,1
1754.png,0
1755.png,1
1756.png,2
1759.png,0
1761.png,1
1762.png,0
1763.png,0
1764.png,2
1766.png,2
1767.png,2
1768.png,1
1769.png,1
1770.png,0
1771.png,2
1772.png,2
1773.png,0
1774.png,1
1775.png,1
1776.png,2
1777.png,1
1778.png,2
1779.png,0
1780.png,2
1782.png,0
1784.png,2
1785.png,1
1786.png,1
1787.png,0
1790.png,2
1792.png,2
1795.png,0
1796.png,2
1798.png,2
1799.png,1
1800.png,1
1802.png,2
1803.png,1
1804.png,1
1805.png,0
1806.png,2
1807.png,2
1809.png,0
1810.png,0
1811.png,0
1812.png,2
1813.png,2
1814.png,2
1815.png,1
1818.png,0
1819.png,2
1820.png,1
1821.png,0
1823.png,0
1824.png,2
1825.png,0
1826.png,1
1827.png,1
1829.png,2
1830.png,2
1833.png,1
1834.png,0
1837.png,2
1839.png,2
1840.png,0
1841.png,0
1842.png,0
1843.png,2
1844.png,2
1845.png,1
1846.png,2
1847.png,2
1848.png,0
1849.png,0
1850.png,1
1853.png,0
1854.png,2
1857.png,0
1858.png,0
1859.png,0
1862.png,2
1863.png,1
1864.png,0
1865.png,0
1866.png,0
1867.png,0
1868.png,0
1870.png,0
1871.png,1
1872.png,0
1873.png,0
1874.png,1
1875.png,0
1879.png,2
1880.png,0
1881.png,0
1883.png,0
1884.png,0
1885.png,2
1886.png,1
1887.png,2
1888.png,1
1889.png,2
1890.png,2
1891.png,2
1892.png,0
1893.png,0
1897.png,2
1898.png,0
1901.png,0
1902.png,2
1903.png,2
1904.png,0
1906.png,1
1907.png,1
1908.png,1
1909.png,0
1910.png,0
1912.png,2
1913.png,1
1915.png,0
1916.png,2
1917.png,1
1918.png,0
1919.png,1
1920.png,1
1921.png,1
1922.png,1
1923.png,0
1924.png,1
1925.png,1
1926.png,2
1927.png,1
1928.png,1
1929.png,0
1931.png,1
1932.png,0
1933.png,0
1935.png,2
1938.png,1
1939.png,2
1940.png,0
1942.png,1
1943.png,0
1944.png,0
1948.png,2
1952.png,2
1953.png,0
1954.png,0
1955.png,1
1956.png,2
1959.png,0
1960.png,1
1962.png,2
1964.png,0
1967.png,1
1969.png,1
1971.png,2
1972.png,0
1973.png,1
1974.png,1
1975.png,1
1976.png,1
1977.png,0
1978.png,1
1979.png,1
1980.png,2
1981.png,2
1983.png,2
1984.png,0
1985.png,1
1986.png,1
1987.png,2
1988.png,2
1990.png,2
1991.png,1
1992.png,0
1993.png,1
1994.png,1
1995.png,0
1998.png,1
1999.png,2
